{
  "prepare_queue": {
    "installed": [],
    "uninstalled": []
  },
  "config_munge": {
    "files": {
      "*-Info.plist": {
        "parents": {
          "CFBundleAllowMixedLocalizations": [
            {
              "xml": "<true />",
              "count": 4
            }
          ],
          "CFBundleURLTypes": [
            {
              "xml": "<array><dict><key>CFBundleTypeRole</key><string>Editor</string><key>CFBundleURLName</key><string>BUNDLE_ID</string><key>CFBundleURLSchemes</key><array><string>app.framework7.propertymanagement</string></array></dict></array>",
              "count": 1
            }
          ],
          "NSPhotoLibraryAddUsageDescription": [
            {
              "xml": "<string>This app requires photo library access to function properly.</string>",
              "count": 1
            }
          ],
          "NSPhotoLibraryUsageDescription": [
            {
              "xml": "<string>This app requires photo library access to function properly.</string>",
              "count": 1
            }
          ]
        }
      },
      "config.xml": {
        "parents": {
          "/*": [
            {
              "xml": "<feature name=\"File\"><param name=\"ios-package\" value=\"CDVFile\" /><param name=\"onload\" value=\"true\" /></feature>",
              "count": 1
            },
            {
              "xml": "<feature name=\"CordovaHttpPlugin\"><param name=\"ios-package\" value=\"CordovaHttpPlugin\" /></feature>",
              "count": 1
            },
            {
              "xml": "<preference name=\"DYNAMIC_LINK_URIPREFIX\" value=\"https://dryxpropertymanagement.page.link\" />",
              "count": 1
            },
            {
              "xml": "<feature name=\"FCMPlugin\"><param name=\"ios-package\" value=\"FCMPlugin\" /></feature>",
              "count": 1
            },
            {
              "xml": "<feature name=\"Keyboard\"><param name=\"ios-package\" onload=\"true\" value=\"CDVKeyboard\" /></feature>",
              "count": 1
            },
            {
              "xml": "<feature name=\"NetworkStatus\"><param name=\"ios-package\" value=\"CDVConnection\" /></feature>",
              "count": 1
            },
            {
              "xml": "<feature name=\"SocialSharing\"><param name=\"ios-package\" value=\"SocialSharing\" /><param name=\"onload\" value=\"true\" /></feature>",
              "count": 1
            },
            {
              "xml": "<feature name=\"StatusBar\"><param name=\"ios-package\" value=\"CDVStatusBar\" /><param name=\"onload\" value=\"true\" /></feature>",
              "count": 1
            },
            {
              "xml": "<preference name=\"StatusBarOverlaysWebView\" value=\"true\" />",
              "count": 1
            },
            {
              "xml": "<preference name=\"StatusBarStyle\" value=\"lightcontent\" />",
              "count": 1
            }
          ]
        }
      },
      "*-Debug.plist": {
        "parents": {
          "com.apple.developer.associated-domains": [
            {
              "xml": "<array><string>applinks:dryxpropertymanagement.page.link</string></array>",
              "count": 1
            }
          ]
        }
      },
      "*-Release.plist": {
        "parents": {
          "com.apple.developer.associated-domains": [
            {
              "xml": "<array><string>applinks:dryxpropertymanagement.page.link</string></array>",
              "count": 1
            }
          ]
        }
      },
      "*/Entitlements-Debug.plist": {
        "parents": {
          "aps-environment": [
            {
              "xml": "<string>development</string>",
              "count": 1
            }
          ]
        }
      },
      "*/Entitlements-Release.plist": {
        "parents": {
          "aps-environment": [
            {
              "xml": "<string>production</string>",
              "count": 1
            }
          ]
        }
      }
    }
  },
  "installed_plugins": {
    "cordova-plugin-file": {
      "PACKAGE_NAME": "app.framework7.propertymanagement"
    },
    "cordova-plugin-advanced-http2": {
      "PACKAGE_NAME": "app.framework7.propertymanagement"
    },
    "cordova-plugin-fcm-ng": {
      "PAGE_LINK_DOMAIN": "dryxpropertymanagement.page.link",
      "PACKAGE_NAME": "app.framework7.propertymanagement"
    },
    "cordova-plugin-keyboard": {
      "PACKAGE_NAME": "app.framework7.propertymanagement"
    },
    "cordova-plugin-network-information": {
      "PACKAGE_NAME": "app.framework7.propertymanagement"
    },
    "es6-promise-plugin": {
      "PACKAGE_NAME": "app.framework7.propertymanagement"
    },
    "cordova-plugin-np-socialsharing": {
      "PHOTO_LIBRARY_ADD_USAGE_DESCRIPTION": "This app requires photo library access to function properly.",
      "PHOTO_LIBRARY_USAGE_DESCRIPTION": "This app requires photo library access to function properly.",
      "PACKAGE_NAME": "app.framework7.propertymanagement"
    },
    "cordova-plugin-splashscreen": {
      "PACKAGE_NAME": "app.framework7.propertymanagement"
    },
    "cordova-plugin-statusbar": {
      "PACKAGE_NAME": "app.framework7.propertymanagement"
    },
    "cordova-plugin-tabrisjs-qrgen": {
      "PACKAGE_NAME": "app.framework7.propertymanagement"
    },
    "cordova-plugin-whitelist": {
      "PACKAGE_NAME": "app.framework7.propertymanagement"
    }
  },
  "dependent_plugins": {},
  "modules": [
    {
      "id": "cordova-plugin-file.DirectoryEntry",
      "file": "plugins/cordova-plugin-file/www/DirectoryEntry.js",
      "pluginId": "cordova-plugin-file",
      "clobbers": [
        "window.DirectoryEntry"
      ]
    },
    {
      "id": "cordova-plugin-file.DirectoryReader",
      "file": "plugins/cordova-plugin-file/www/DirectoryReader.js",
      "pluginId": "cordova-plugin-file",
      "clobbers": [
        "window.DirectoryReader"
      ]
    },
    {
      "id": "cordova-plugin-file.Entry",
      "file": "plugins/cordova-plugin-file/www/Entry.js",
      "pluginId": "cordova-plugin-file",
      "clobbers": [
        "window.Entry"
      ]
    },
    {
      "id": "cordova-plugin-file.File",
      "file": "plugins/cordova-plugin-file/www/File.js",
      "pluginId": "cordova-plugin-file",
      "clobbers": [
        "window.File"
      ]
    },
    {
      "id": "cordova-plugin-file.FileEntry",
      "file": "plugins/cordova-plugin-file/www/FileEntry.js",
      "pluginId": "cordova-plugin-file",
      "clobbers": [
        "window.FileEntry"
      ]
    },
    {
      "id": "cordova-plugin-file.FileError",
      "file": "plugins/cordova-plugin-file/www/FileError.js",
      "pluginId": "cordova-plugin-file",
      "clobbers": [
        "window.FileError"
      ]
    },
    {
      "id": "cordova-plugin-file.FileReader",
      "file": "plugins/cordova-plugin-file/www/FileReader.js",
      "pluginId": "cordova-plugin-file",
      "clobbers": [
        "window.FileReader"
      ]
    },
    {
      "id": "cordova-plugin-file.FileSystem",
      "file": "plugins/cordova-plugin-file/www/FileSystem.js",
      "pluginId": "cordova-plugin-file",
      "clobbers": [
        "window.FileSystem"
      ]
    },
    {
      "id": "cordova-plugin-file.FileUploadOptions",
      "file": "plugins/cordova-plugin-file/www/FileUploadOptions.js",
      "pluginId": "cordova-plugin-file",
      "clobbers": [
        "window.FileUploadOptions"
      ]
    },
    {
      "id": "cordova-plugin-file.FileUploadResult",
      "file": "plugins/cordova-plugin-file/www/FileUploadResult.js",
      "pluginId": "cordova-plugin-file",
      "clobbers": [
        "window.FileUploadResult"
      ]
    },
    {
      "id": "cordova-plugin-file.FileWriter",
      "file": "plugins/cordova-plugin-file/www/FileWriter.js",
      "pluginId": "cordova-plugin-file",
      "clobbers": [
        "window.FileWriter"
      ]
    },
    {
      "id": "cordova-plugin-file.Flags",
      "file": "plugins/cordova-plugin-file/www/Flags.js",
      "pluginId": "cordova-plugin-file",
      "clobbers": [
        "window.Flags"
      ]
    },
    {
      "id": "cordova-plugin-file.LocalFileSystem",
      "file": "plugins/cordova-plugin-file/www/LocalFileSystem.js",
      "pluginId": "cordova-plugin-file",
      "clobbers": [
        "window.LocalFileSystem"
      ],
      "merges": [
        "window"
      ]
    },
    {
      "id": "cordova-plugin-file.Metadata",
      "file": "plugins/cordova-plugin-file/www/Metadata.js",
      "pluginId": "cordova-plugin-file",
      "clobbers": [
        "window.Metadata"
      ]
    },
    {
      "id": "cordova-plugin-file.ProgressEvent",
      "file": "plugins/cordova-plugin-file/www/ProgressEvent.js",
      "pluginId": "cordova-plugin-file",
      "clobbers": [
        "window.ProgressEvent"
      ]
    },
    {
      "id": "cordova-plugin-file.fileSystems",
      "file": "plugins/cordova-plugin-file/www/fileSystems.js",
      "pluginId": "cordova-plugin-file"
    },
    {
      "id": "cordova-plugin-file.requestFileSystem",
      "file": "plugins/cordova-plugin-file/www/requestFileSystem.js",
      "pluginId": "cordova-plugin-file",
      "clobbers": [
        "window.requestFileSystem"
      ]
    },
    {
      "id": "cordova-plugin-file.resolveLocalFileSystemURI",
      "file": "plugins/cordova-plugin-file/www/resolveLocalFileSystemURI.js",
      "pluginId": "cordova-plugin-file",
      "merges": [
        "window"
      ]
    },
    {
      "id": "cordova-plugin-file.isChrome",
      "file": "plugins/cordova-plugin-file/www/browser/isChrome.js",
      "pluginId": "cordova-plugin-file",
      "runs": true
    },
    {
      "id": "cordova-plugin-file.iosFileSystem",
      "file": "plugins/cordova-plugin-file/www/ios/FileSystem.js",
      "pluginId": "cordova-plugin-file",
      "merges": [
        "FileSystem"
      ]
    },
    {
      "id": "cordova-plugin-file.fileSystems-roots",
      "file": "plugins/cordova-plugin-file/www/fileSystems-roots.js",
      "pluginId": "cordova-plugin-file",
      "runs": true
    },
    {
      "id": "cordova-plugin-file.fileSystemPaths",
      "file": "plugins/cordova-plugin-file/www/fileSystemPaths.js",
      "pluginId": "cordova-plugin-file",
      "merges": [
        "cordova"
      ],
      "runs": true
    },
    {
      "id": "cordova-plugin-advanced-http2.http",
      "file": "plugins/cordova-plugin-advanced-http2/www/cordovaHttp.js",
      "pluginId": "cordova-plugin-advanced-http2",
      "clobbers": [
        "cordova.plugin.http"
      ]
    },
    {
      "id": "cordova-plugin-fcm-ng.FCMPlugin",
      "file": "plugins/cordova-plugin-fcm-ng/www/FCMPlugin.js",
      "pluginId": "cordova-plugin-fcm-ng",
      "clobbers": [
        "FCMPlugin"
      ]
    },
    {
      "id": "cordova-plugin-keyboard.keyboard",
      "file": "plugins/cordova-plugin-keyboard/www/keyboard.js",
      "pluginId": "cordova-plugin-keyboard",
      "clobbers": [
        "window.Keyboard"
      ]
    },
    {
      "id": "cordova-plugin-network-information.network",
      "file": "plugins/cordova-plugin-network-information/www/network.js",
      "pluginId": "cordova-plugin-network-information",
      "clobbers": [
        "navigator.connection"
      ]
    },
    {
      "id": "cordova-plugin-network-information.Connection",
      "file": "plugins/cordova-plugin-network-information/www/Connection.js",
      "pluginId": "cordova-plugin-network-information",
      "clobbers": [
        "Connection"
      ]
    },
    {
      "id": "es6-promise-plugin.Promise",
      "file": "plugins/es6-promise-plugin/www/promise.js",
      "pluginId": "es6-promise-plugin",
      "runs": true
    },
    {
      "id": "cordova-plugin-np-socialsharing.SocialSharing",
      "file": "plugins/cordova-plugin-np-socialsharing/www/SocialSharing.js",
      "pluginId": "cordova-plugin-np-socialsharing",
      "clobbers": [
        "window.plugins.socialsharing"
      ]
    },
    {
      "id": "cordova-plugin-statusbar.statusbar",
      "file": "plugins/cordova-plugin-statusbar/www/statusbar.js",
      "pluginId": "cordova-plugin-statusbar",
      "clobbers": [
        "window.StatusBar"
      ]
    },
    {
      "id": "cordova-plugin-tabrisjs-qrgen.TabrisJSQRCodeGenerator",
      "file": "plugins/cordova-plugin-tabrisjs-qrgen/www/tabrisjsqrcode.js",
      "pluginId": "cordova-plugin-tabrisjs-qrgen",
      "clobbers": [
        "window.tabrisJsPlugins.qrCode"
      ]
    }
  ],
  "plugin_metadata": {
    "cordova-plugin-file": "6.0.2",
    "cordova-plugin-advanced-http2": "1.6.1",
    "cordova-plugin-fcm-ng": "8.3.0",
    "cordova-plugin-keyboard": "1.2.0",
    "cordova-plugin-network-information": "3.0.0-dev",
    "es6-promise-plugin": "4.2.2",
    "cordova-plugin-np-socialsharing": "5.6.5",
    "cordova-plugin-splashscreen": "6.0.0",
    "cordova-plugin-statusbar": "2.4.3",
    "cordova-plugin-tabrisjs-qrgen": "1.0.8",
    "cordova-plugin-whitelist": "1.3.4"
  }
}
