{
    "declarations": {},
    "sources": {
        "https://github.com/CocoaPods/Specs.git": {
            "source": "https://github.com/CocoaPods/Specs.git",
            "count": 1
        }
    },
    "libraries": {
        "Firebase/Analytics": {
            "name": "Firebase/Analytics",
            "spec": ">= 7.1.0",
            "count": 1
        },
        "Firebase/Messaging": {
            "name": "Firebase/Messaging",
            "spec": ">= 7.1.0",
            "count": 1
        },
        "Firebase/DynamicLinks": {
            "name": "Firebase/DynamicLinks",
            "spec": ">= 7.1.0",
            "count": 1
        }
    }
}